,TranscriptionFlux,TranslationFlux
b0002,1.6023668556322186e-08,0.0
b0003,1.6023668556322186e-08,5.405991341419897e-07
b0004,1.6023668556322186e-08,1.2552826630974354e-09
b0007,-4.9950259147797605e-36,-1.685198788938582e-34
b0008,0.0,0.0
b0009,0.0,0.0
b0014,1.8390786470479012e-13,3.1022993290161725e-12
b0015,1.8390786470479012e-13,6.204598658032345e-12
b0019,0.0,0.0
b0023,1.28358965086027e-07,4.330515520897351e-06
b0025,1.6682588590373513e-11,5.62829474130919e-10
b0026,4.70248884503051e-10,1.5865039825307928e-08
b0027,4.70248884503051e-10,1.5373444112182713e-10
b0029,4.70248884503051e-10,2.671106273721512e-10
b0030,0.0,0.0
b0031,3.441128376393216e-09,1.1609520093422226e-07
b0032,0.0,0.0
b0033,0.0,0.0
b0036,-1.2387789196949132e-37,0.0
b0037,-1.2387789196949132e-37,0.0
b0038,5.01869958953296e-39,0.0
b0040,5.01869958953296e-39,-9.037349463282895e-36
b0047,0.0,0.0
b0048,2.1538946061809602e-10,7.266710210846904e-09
b0049,2.036987830400293e-10,0.0
b0051,2.036987830400293e-10,3.701295317006284e-12
b0052,2.036987830400293e-10,2.5203592449507604e-09
b0053,2.036987830400293e-10,6.872295526467871e-09
b0058,8.085394346811869e-14,2.7278130271600384e-12
b0061,0.0,0.0
b0062,0.0,0.0
b0063,0.0,0.0
b0066,0.0,0.0
b0067,0.0,0.0
b0068,0.0,0.0
b0070,0.0,0.0
b0071,1.7567278607761905e-10,5.926767376151307e-09
b0072,1.7567278607761905e-10,5.926767376151307e-09
b0073,1.7567278607761905e-10,2.5072661279198878e-09
b0074,1.7567278607761905e-10,1.5545603937594241e-09
b0077,-1.513019037805605e-42,-2.9735529888278974e-41
b0078,-1.513019037805605e-42,-4.587761512999435e-41
b0082,0.0,0.0
b0084,3.295468281136415e-09,8.120407879608565e-10
b0085,3.295468281136415e-09,3.649496113209137e-08
b0086,3.295468281136415e-09,1.1110483804241774e-08
b0087,3.295468281136415e-09,4.8167680361394045e-11
b0088,3.295468281136415e-09,1.1118098786883793e-07
b0090,3.295468281136415e-09,1.1890798086938233e-08
b0091,3.295468281136415e-09,4.9682548859608406e-08
b0092,3.295468281136415e-09,0.0
b0096,3.295468281136415e-09,1.0259835332473553e-08
b0098,6.303445040018553e-09,2.1266271944954552e-07
b0099,6.303445040018553e-09,1.1648221815033697e-10
b0103,2.1769498215556214e-12,7.34449283238073e-11
b0104,0.0,0.0
b0109,3.7593015639301835e-08,1.2682958108475382e-06
b0110,0.0,0.0
b0112,0.0,0.0
b0114,7.532056377017477e-09,2.54113041680318e-07
b0115,7.532056377017477e-09,2.54113041680318e-07
b0116,4.11811608713665e-09,1.3893509986038108e-07
b0118,0.0,0.0
b0120,0.0,0.0
b0121,0.0,0.0
b0123,-4.4326384807759665e-50,-3.4505138125417814e-48
b0124,-4.872574737392735e-37,-1.7111777046991907e-35
b0125,9.533168756868876e-47,0.0
b0126,0.0,0.0
b0131,3.1492064317348395e-12,1.062464730998526e-10
b0133,3.2780471330169708e-12,6.79604819303133e-11
b0134,3.2780471330169708e-12,1.1059324121419218e-10
b0142,2.989636006146904e-12,1.0086295972997131e-10
b0149,0.0,0.0
b0150,0.0,0.0
b0151,0.0,0.0
b0152,0.0,0.0
b0153,0.0,-2.1119508251641855e-35
b0154,2.2589465263651833e-14,7.621129530567151e-13
b0155,0.0,-4.264604783589883e-30
b0156,1.2985612874295087e-13,4.3810261373493224e-12
b0158,1.9638913720581296e-13,0.0
b0159,1.9638913720581296e-13,6.6256860690285605e-12
b0160,0.0,0.0
b0166,1.0110831867364829e-10,3.4111457895801726e-09
b0168,1.1122189666158636e-13,3.752353015886637e-12
b0169,1.28358965086027e-07,4.330515520897351e-06
b0170,1.28358965086027e-07,2.615969364561342e-07
b0171,0.0,0.0
b0172,1.888192301983102e-12,6.370296040246621e-11
b0173,4.008245401471601e-08,1.3522833337745373e-06
b0174,2.0797377355918115e-13,7.016523183511293e-12
b0175,2.0172472913740668e-11,6.805695807011845e-10
b0177,2.036987830400293e-10,6.872295526467871e-09
b0179,3.856944972021524e-09,1.3012382932031313e-07
b0180,2.29459838406777e-09,2.4725967616965722e-14
b0181,2.29459838406777e-09,7.741410122597791e-08
b0182,8.816137704131401e-11,2.9743478483580753e-09
b0185,4.6493820464136113e-10,1.568587055924107e-08
b0186,0.0,0.0
b0188,1.2805323623149069e-15,4.320200981910002e-14
b0194,5.827118800450631e-10,1.9659264462401935e-08
b0197,0.0,0.0
b0198,0.0,-7.798860715853566e-34
b0199,0.0,0.0
b0200,0.0,0.0
b0201,1.3939196642032552e-06,
b0202,1.3939196642032552e-06,
b0203,1.3939196642032552e-06,
b0204,1.3939196642032552e-06,
b0205,1.3939196642032552e-06,
b0206,0.0,
b0207,0.0,0.0
b0212,0.0,0.0
b0216,0.0,
b0221,1.5836232811904466e-09,5.342755135064705e-08
b0222,0.0,0.0
b0237,0.0,0.0
b0238,8.209815549651417e-10,2.7697896783167587e-08
b0241,0.0,0.0
b0242,2.349254737171103e-08,2.471595206040274e-07
b0243,2.349254737171103e-08,7.925807204072387e-07
b0244,4.1628430605497987e-07,
b0260,0.0,2.418011098772343e-35
b0261,0.0,0.0
b0273,0.0,0.0
b0306,0.0,0.0
b0307,0.0,0.0
b0308,0.0,0.0
b0311,0.0,0.0
b0312,0.0,0.0
b0314,0.0,0.0
b0323,-6.5890079252375264e-43,0.0
b0331,0.0,0.0
b0333,0.0,0.0
b0334,0.0,0.0
b0336,0.0,0.0
b0337,0.0,0.0
b0339,1.3799893626358306e-09,4.655744419225031e-08
b0340,1.3799893626358306e-09,1.05103160122343e-28
b0341,9.004280822745828e-31,3.0378227053549165e-29
b0343,-7.820176074316562e-31,-2.638334910481803e-29
b0344,5.555643410273169e-31,1.874337332077638e-29
b0347,1.4431893204476062e-13,0.0
b0348,1.4431893204476062e-13,0.0
b0349,1.4431893204476062e-13,0.0
b0350,1.4431893204476062e-13,0.0
b0351,1.4431893204476062e-13,4.868965519940921e-12
b0352,1.4431893204476062e-13,0.0
b0353,0.0,0.0
b0355,1.1118393397111045e-30,0.0
b0356,1.1118393397111045e-30,3.751072248156773e-29
b0365,0.0,0.0
b0366,0.0,0.0
b0367,0.0,0.0
b0368,0.0,0.0
b0369,1.2405672799294033e-14,4.18536863151798e-13
b0381,6.932026377289837e-11,2.338695064891212e-09
b0383,0.0,0.0
b0386,3.395237164018619e-08,1.1454694439189353e-06
b0388,0.0,0.0
b0394,0.0,0.0
b0401,-3.657289510267638e-31,-1.2338794550123073e-29
b0403,0.0,0.0
b0404,0.0,0.0
b0405,6.490983491718576e-14,2.189898051759512e-12
b0406,3.8945900950311457e-13,1.3139388310557074e-11
b0408,1.7954381095512682e-09,6.057366226824434e-08
b0409,1.7954381095512682e-09,6.057366226824434e-08
b0411,0.0,0.0
b0414,1.9327367887379172e-09,6.520578173740648e-08
b0415,1.9327367887379172e-09,1.0981864483960227e-10
b0416,1.9327367887379172e-09,8.901168687994443e-12
b0417,1.9327367887379172e-09,1.171226044660011e-09
b0418,1.9327367887379172e-09,5.13925436915594e-10
b0420,2.0422828505009916e-08,6.890159620895689e-07
b0421,2.0422828505009916e-08,5.448615969517641e-11
b0423,2.29528386716884e-13,7.743722773846191e-12
b0425,1.6080941534025384e-12,5.425313834298013e-11
b0428,1.240631445292035e-09,4.0852694057332005e-14
b0429,1.240631445292035e-09,4.18558510965692e-08
b0430,1.240631445292035e-09,4.18558510965692e-08
b0431,1.240631445292035e-09,4.18558510965692e-08
b0432,1.240631445292035e-09,4.18558510965692e-08
b0433,0.0,0.0
b0436,1.28358965086027e-07,4.330515520897351e-06
b0444,4.2191392696170815e-10,1.4234337336436853e-08
b0446,0.0,0.0
b0451,0.0,0.0
b0452,1.5105466894772639e-09,5.0962127027413196e-08
b0455,4.313242236198583e-08,
b0459,0.0,0.0
b0462,0.0,0.0
b0463,0.0,0.0
b0469,0.0,0.0
b0474,8.259026025567959e-08,2.7863920815540007e-06
b0475,6.902556901770411e-16,2.328752789254754e-14
b0477,0.0,0.0
b0480,0.0,0.0
b0484,0.0,0.0
b0485,0.0,0.0
b0494,5.38820533505114e-29,1.8178478470578567e-27
b0505,0.0,0.0
b0507,0.0,0.0
b0508,0.0,0.0
b0509,0.0,0.0
b0511,0.0,0.0
b0512,0.0,0.0
b0514,0.0,0.0
b0516,0.0,0.0
b0517,0.0,0.0
b0521,0.0,0.0
b0522,1.5538543349881283e-08,5.355414267820312e-08
b0523,1.5538543349881283e-08,5.24232203833204e-07
b0524,1.3016898115633559e-12,4.3915810076772714e-11
b0526,7.600898892222895e-11,2.56435618684541e-09
b0529,3.0815293075166283e-09,1.0396321351887795e-07
b0536,2.301647369325098e-09,
b0572,3.803979179669436e-39,-1.4038351504406877e-35
b0573,3.803979179669436e-39,0.0
b0574,3.803979179669436e-39,0.0
b0575,3.803979179669436e-39,0.0
b0576,0.0,-1.8218777459789287e-29
b0578,0.0,0.0
b0583,0.0,0.0
b0584,0.0,0.0
b0585,0.0,0.0
b0586,0.0,0.0
b0588,0.0,0.0
b0589,0.0,0.0
b0590,0.0,0.0
b0591,0.0,0.0
b0592,0.0,0.0
b0593,0.0,0.0
b0594,0.0,0.0
b0595,0.0,0.0
b0596,0.0,0.0
b0604,0.0,0.0
b0612,0.0,0.0
b0613,0.0,0.0
b0615,0.0,0.0
b0616,0.0,0.0
b0617,0.0,0.0
b0621,0.0,0.0
b0622,0.0,0.0
b0627,-2.2139229257933798e-32,-7.4692309849905305e-31
b0628,8.374009007177867e-16,2.82518450919371e-14
b0630,2.0935026995285613e-16,7.062962783528898e-15
b0632,-5.284028109375609e-29,-1.782701015482083e-27
b0635,1.0970851716754434e-13,-2.1372289760948847e-28
b0636,1.0970851716754434e-13,3.70129531700628e-12
b0638,7.508017403122022e-09,0.0
b0639,7.508017403122022e-09,2.5330202587405193e-07
b0642,7.508017403122022e-09,2.724946039609937e-08
b0650,0.0,0.0
b0651,0.0,0.0
b0652,0.0,0.0
b0653,0.0,0.0
b0654,0.0,0.0
b0655,0.0,0.0
b0657,4.556777054660562e-12,1.5373444112182713e-10
b0661,5.554988745081253e-14,1.87411646415675e-12
b0662,0.0,0.0
b0664,5.430066589508169e-07,
b0665,5.430066589508169e-07,
b0666,5.430066589508169e-07,
b0668,5.430066589508169e-07,
b0670,5.430066589508169e-07,
b0672,5.430066589508169e-07,
b0673,5.430066589508169e-07,
b0674,5.265901572431845e-10,1.7765855681097487e-08
b0677,-7.685311831336655e-29,0.0
b0678,-7.685312062898759e-29,0.0
b0679,-1.515936994141089e-30,-5.114398193620261e-29
b0680,3.5748933517545427e-10,1.2060810193468175e-08
b0684,2.1275269997492183e-16,7.177752397245771e-15
b0688,0.0,0.0
b0692,-7.355922042635702e-31,2.6553149928210105e-29
b0693,-7.355922042635702e-31,-2.481707028005054e-29
b0696,0.0,0.0
b0697,0.0,0.0
b0698,0.0,0.0
b0709,0.0,0.0
b0720,7.654893730153561e-09,2.582572716057092e-07
b0721,7.00060518322758e-09,2.3618318659178458e-07
b0722,7.00060518322758e-09,2.3618318659178458e-07
b0723,7.00060518322758e-09,2.3618318659178458e-07
b0724,7.00060518322758e-09,2.3618318659178458e-07
b0726,1.1166517282617562e-08,7.127147412133263e-08
b0727,1.1166517282617562e-08,1.4254294824266526e-07
b0728,1.1166517282617562e-08,3.7673080625365627e-07
b0729,1.1166517282617562e-08,3.7673080625365627e-07
b0731,0.0,0.0
b0732,0.0,0.0
b0733,0.0,0.0
b0734,0.0,-1.7596721337116716e-27
b0736,0.0,0.0
b0743,0.0,
b0744,0.0,
b0745,0.0,
b0746,1.7888600072396409e-06,
b0747,1.7888600072396409e-06,
b0748,-5.81720034782112e-40,
b0749,0.0,
b0750,3.7593015639301835e-08,1.2682958108475382e-06
b0751,3.7593015639301835e-08,0.0
b0752,0.0,0.0
b0754,0.0,0.0
b0755,0.0,0.0
b0756,1.7524316578316608e-30,0.0
b0757,1.7524316578316608e-30,5.91227304494527e-29
b0758,1.7524316578316608e-30,7.268154718578067e-29
b0759,1.7524316578316608e-30,7.61391463665747e-29
b0763,0.0,0.0
b0764,0.0,0.0
b0765,0.0,0.0
b0766,0.0,0.0
b0767,1.6992145545244658e-08,5.732731638005324e-07
b0774,2.0240081366477622e-16,6.8285052347541936e-15
b0775,3.3545941144367106e-16,7.95017057066615e-15
b0776,3.3545941144367106e-16,7.522891299459484e-15
b0777,3.3545941144367106e-16,8.450401645854446e-15
b0778,3.3545941144367106e-16,1.1317574794361196e-14
b0781,0.0,0.0
b0783,0.0,0.0
b0784,0.0,0.0
b0785,0.0,0.0
b0789,1.8841965217038255e-29,6.35681526116282e-28
b0805,-3.831147044682982e-31,-1.2925347075461682e-29
b0807,5.485425858377217e-14,1.85064765850314e-12
b0809,0.0,0.0
b0810,0.0,0.0
b0811,0.0,0.0
b0813,0.0,0.0
b0822,6.31255822944587e-29,4.259403520566305e-27
b0825,0.0,0.0
b0826,0.0,0.0
b0827,0.0,0.0
b0828,0.0,0.0
b0829,0.0,0.0
b0830,0.0,0.0
b0831,0.0,0.0
b0832,0.0,0.0
b0837,0.0,2.999281133584708e-35
b0839,5.359857223801986e-29,1.808283892123325e-27
b0841,1.0570039466614879e-10,3.566071129974868e-09
b0842,0.0,0.0
b0849,0.0,0.0
b0854,0.0,0.0
b0855,0.0,0.0
b0856,0.0,0.0
b0857,0.0,0.0
b0859,5.485425858377217e-14,1.85064765850314e-12
b0860,0.0,0.0
b0861,0.0,0.0
b0862,0.0,0.0
b0863,0.0,0.0
b0864,0.0,0.0
b0870,0.0,0.0
b0871,0.0,0.0
b0875,0.0,0.0
b0883,0.0,
b0884,3.078308555385879e-11,1.0385455327000617e-09
b0886,0.0,0.0
b0887,0.0,0.0
b0888,7.120346554233555e-10,2.4022296570099893e-08
b0891,3.2910056505881876e-10,1.1103042969909749e-08
b0893,7.968330513695412e-10,2.6883185714430736e-08
b0894,0.0,0.0
b0895,0.0,0.0
b0896,0.0,5.503941206185907e-37
b0902,1.0637637273800665e-16,3.588876966170297e-15
b0903,3.2220338359691063e-25,0.0
b0904,0.0,0.0
b0907,2.9666495659044587e-08,3.2669084119045097e-09
b0908,2.9666495659044587e-08,1.0008745381830108e-06
b0910,5.290823618599612e-09,1.7849936530198838e-07
b0911,1.2835896508602697e-07,4.330515520897351e-06
b0914,1.6291815907298742e-11,5.496457657077182e-10
b0915,1.6291815907298742e-11,3.402890128758696e-11
b0918,3.333706345925658e-09,1.1247104605018831e-07
b0928,1.7402030729011043e-09,5.8710168095082706e-08
b0929,0.0,0.0
b0930,6.379874952873388e-10,2.152412765737547e-08
b0931,0.0,0.0
b0932,0.0,0.0
b0933,0.0,0.0
b0934,0.0,0.0
b0935,0.0,0.0
b0936,0.0,0.0
b0937,0.0,0.0
b0945,7.139067868125534e-10,2.4085457674839613e-08
b0948,2.1941703433508893e-13,7.402590634012568e-12
b0954,0.0,0.0
b0957,0.0,0.0
b0963,0.0,0.0
b0967,1.0970851716754434e-13,3.70129531700628e-12
b0968,0.0,0.0
b0969,4.8266096436798e-14,1.6283792847082983e-12
b0971,4.1465652469214373e-07,
b0972,0.0,0.0
b0973,0.0,0.0
b0974,0.0,-1.9223117574890094e-35
b0978,0.0,0.0
b0979,0.0,0.0
b0980,0.0,0.0
b0996,0.0,0.0
b0997,0.0,0.0
b0998,0.0,0.0
b1002,9.427159605152818e-31,3.1804915971961916e-29
b1006,0.0,0.0
b1007,0.0,0.0
b1008,0.0,0.0
b1009,0.0,0.0
b1010,0.0,0.0
b1011,0.0,0.0
b1012,0.0,0.0
b1014,0.0,0.0
b1015,0.0,0.0
b1032,5.958469387575189e-07,
b1033,0.0,0.0
b1054,0.0,0.0
b1059,0.0,0.0
b1062,3.174417061535475e-11,1.0709701769227806e-09
b1064,0.0,0.0
b1069,1.3338496978596195e-11,4.500080547746735e-10
b1084,1.409732551657241e-11,4.756090617569553e-10
b1086,1.645627757513164e-13,5.5519429755094156e-12
b1089,1.28358965086027e-07,4.330515520897351e-06
b1090,0.0,0.0
b1091,2.6227289668113525e-16,8.848441938022472e-15
b1092,6.666695443726805e-12,2.2491789391419267e-10
b1093,1.3139438781463056e-09,7.585143214395993e-10
b1094,1.313943615873409e-09,4.4329223270928327e-08
b1095,6.110320179736426e-30,2.061471620487643e-28
b1096,6.412315844790972e-10,8.259395449556201e-11
b1098,6.412315844790972e-10,2.1633575241240533e-08
b1101,1.1918990242091603e-08,4.021173916618041e-07
b1102,0.0,0.0
b1106,0.0,0.0
b1107,0.0,0.0
b1109,0.0,0.0
b1114,1.1071058041430534e-12,3.735102464330278e-11
b1116,6.582011301176375e-10,2.2206085939819498e-08
b1117,6.582011301176375e-10,1.1103042969909749e-08
b1118,6.582011301176375e-10,1.1103042969909749e-08
b1119,0.0,0.0
b1123,0.0,0.0
b1124,0.0,0.0
b1125,0.0,0.0
b1126,0.0,0.0
b1131,4.064850355311933e-09,1.3713804518450164e-07
b1133,4.8266096436798e-14,1.6283792847082983e-12
b1134,5.485425858377217e-14,0.0
b1135,5.485425858377217e-14,1.85064765850314e-12
b1136,4.194988388288374e-10,1.4152858207676955e-08
b1185,0.0,0.0
b1186,0.0,0.0
b1189,0.0,0.0
b1190,0.0,0.0
b1192,0.0,0.0
b1193,6.691823037117204e-29,2.2576563818301066e-27
b1197,0.0,0.0
b1198,0.0,0.0
b1199,0.0,0.0
b1200,0.0,0.0
b1206,9.091005008028926e-12,3.0670813107163674e-10
b1207,4.008245401471601e-08,6.930615635459896e-08
b1208,4.008245401471601e-08,1.3522833337745373e-06
b1209,4.008245401471601e-08,1.1103042969909749e-08
b1210,1.1244457027182543e-12,2.044914268812035e-14
b1211,1.1244457027182543e-12,3.793603013832502e-11
b1215,1.3946221926096704e-11,4.705111985622825e-10
b1216,0.0,0.0
b1223,0.0,-2.2382351545795367e-37
b1224,0.0,0.0
b1225,0.0,0.0
b1226,0.0,0.0
b1227,0.0,1.0682994219457193e-34
b1230,7.812176847759188e-07,
b1231,2.604062709135543e-40,
b1232,0.0,0.0
b1236,0.0,0.0
b1238,3.0861823929092783e-16,1.0412019716625644e-14
b1241,0.0,0.0
b1243,0.0,0.0
b1244,0.0,0.0
b1245,0.0,0.0
b1246,0.0,0.0
b1247,0.0,0.0
b1249,-1.8184129987174255e-29,-6.134877847503409e-28
b1250,0.0,0.0
b1252,1.6245449653462152e-32,5.480814824357967e-31
b1260,3.874619804282595e-08,5.768502088555713e-09
b1261,3.874619804282595e-08,5.768502088555713e-09
b1262,3.874619804282595e-08,4.237259013969423e-07
b1263,3.874619804282595e-08,1.3072013465344297e-06
b1264,3.874619804282595e-08,1.1653289874360514e-07
b1269,5.485425858377217e-14,1.85064765850314e-12
b1270,0.0,0.0
b1276,1.5723945512822375e-09,5.304872164354499e-08
b1277,3.9609646842438846e-09,1.3363319836170662e-07
b1278,-3.0662102935323927e-30,-1.0344638769546068e-28
b1281,5.620687818287114e-09,1.8962817142455048e-07
b1286,0.0,0.0
b1288,5.065826198743645e-16,1.7090850619686003e-14
b1291,0.0,0.0
b1296,-7.358425519535197e-31,-2.4825516394867843e-29
b1297,5.285220886156922e-10,1.7831034290073854e-08
b1298,0.0,0.0
b1300,0.0,0.0
b1301,0.0,0.0
b1302,0.0,0.0
b1308,0.0,0.0
b1319,0.0,0.0
b1325,0.0,0.0
b1326,0.0,0.0
b1329,0.0,0.0
b1344,2.2597519836476027e-14,7.623846945171265e-13
b1363,0.0,0.0
b1377,1.977915183318684e-07,6.672998956200302e-06
b1378,1.9957977183789475e-10,6.733330227630824e-09
b1380,0.0,0.0
b1385,0.0,0.0
b1386,0.0,0.0
b1387,0.0,0.0
b1388,0.0,0.0
b1389,0.0,0.0
b1390,0.0,0.0
b1391,0.0,0.0
b1392,0.0,0.0
b1393,0.0,0.0
b1394,0.0,0.0
b1395,0.0,0.0
b1397,0.0,0.0
b1398,0.0,0.0
b1415,1.905847290916111e-12,6.429859627055246e-11
b1440,0.0,0.0
b1441,0.0,0.0
b1442,0.0,0.0
b1443,0.0,0.0
b1444,0.0,0.0
b1453,0.0,0.0
b1463,0.0,0.0
b1465,0.0,-2.925504229023848e-35
b1466,0.0,0.0
b1467,0.0,0.0
b1468,0.0,0.0
b1469,-7.957982719424444e-38,-2.6848274803714488e-36
b1473,1.2042270583674412e-30,4.0627656692695283e-29
b1474,0.0,0.0
b1475,0.0,0.0
b1476,0.0,0.0
b1478,0.0,0.0
b1479,0.0,0.0
b1480,1.28358965086027e-07,4.330515520897351e-06
b1483,0.0,0.0
b1484,0.0,0.0
b1485,0.0,0.0
b1486,0.0,0.0
b1487,0.0,0.0
b1488,0.0,0.0
b1489,0.0,0.0
b1492,-1.3470953868646804e-30,0.0
b1493,-1.3470953868646804e-30,-4.544768241966576e-29
b1519,0.0,0.0
b1521,0.0,0.0
b1524,0.0,0.0
b1525,0.0,0.0
b1528,0.0,0.0
b1533,0.0,-4.4230177556070813e-29
b1539,0.0,0.0
b1584,0.0,0.0
b1587,0.0,0.0
b1588,0.0,0.0
b1589,0.0,0.0
b1590,0.0,0.0
b1591,0.0,0.0
b1592,1.3950187321052521e-31,4.706449812271017e-30
b1599,0.0,0.0
b1600,0.0,0.0
b1602,0.0,0.0
b1603,0.0,0.0
b1605,0.0,0.0
b1606,0.0,0.0
b1611,0.0,0.0
b1612,3.3651264806948627e-09,1.1353108405529013e-07
b1613,0.0,0.0
b1621,4.5769243846846136e-10,-2.455681533577957e-40
b1622,4.5769243846846136e-10,1.544141624433205e-08
b1623,0.0,0.0
b1634,0.0,-7.220329092705319e-37
b1636,4.3835135081845676e-10,0.0
b1637,4.3835135081845676e-10,1.478889555593879e-08
b1638,0.0,0.0
b1640,0.0,0.0
b1646,0.0,0.0
b1651,0.0,0.0
b1652,2.3017337966714635e-12,7.765483248310196e-11
b1654,2.2219950229192261e-13,7.496464253711762e-12
b1656,0.0,0.0
b1661,0.0,0.0
b1662,2.3278165581234856e-12,7.85348006506557e-11
b1665,4.0953311819874466e-07,
b1666,4.0953311819874466e-07,
b1676,-4.80408131365488e-42,-1.6786115446073516e-40
b1677,1.0661714412208506e-05,0.0003597
b1679,0.0,0.0
b1680,0.0,0.0
b1681,0.0,0.0
b1682,0.0,0.0
b1683,0.0,0.0
b1684,0.0,0.0
b1692,1.5182243154415673e-08,5.8475576972306775e-08
b1693,1.5182243154415673e-08,5.122115122864275e-07
b1701,0.0,2.0108097914903112e-28
b1702,0.0,0.0
b1704,-5.7704683242719956e-43,-4.293156367720783e-41
b1709,0.0,0.0
b1710,0.0,0.0
b1711,0.0,0.0
b1713,5.755032020319202e-10,1.9416061410709014e-08
b1714,5.755032020319202e-10,1.9416061410709014e-08
b1716,1.28358965086027e-07,4.330515520897351e-06
b1717,1.28358965086027e-07,4.330515520897351e-06
b1718,7.742432831049601e-10,1.0385455327000617e-09
b1719,7.742432831049601e-10,2.6121062538868517e-08
b1723,1.7131701492712648e-08,5.779814379451442e-07
b1732,0.0,0.0
b1734,0.0,0.0
b1740,3.7593015639301835e-08,1.2682958108475382e-06
b1744,0.0,0.0
b1745,0.0,0.0
b1746,0.0,0.0
b1747,0.0,0.0
b1748,0.0,0.0
b1759,0.0,0.0
b1761,1.4813037901345293e-09,4.997554358624196e-08
b1764,0.0,0.0
b1767,0.0,0.0
b1768,0.0,0.0
b1773,0.0,0.0
b1778,0.0,0.0
b1779,2.2022523951948812e-08,7.429857487502425e-07
b1781,0.0,0.0
b1800,0.0,0.0
b1801,0.0,0.0
b1804,0.0,0.0
b1805,-3.820993318886464e-30,-1.2891090904007442e-28
b1812,1.0629704337765797e-12,3.58620058882476e-11
b1814,0.0,0.0
b1817,4.8276506566169935e-31,8.143652484241634e-30
b1818,4.8276506566169935e-31,1.6287304968483267e-29
b1819,4.8276506566169935e-31,8.143652484241634e-30
b1822,1.0970851716754434e-13,3.70129531700628e-12
b1835,5.485425858377217e-14,1.85064765850314e-12
b1849,4.833038988250932e-10,1.6305483873055203e-08
b1850,2.7083336948657766e-08,9.137251218506642e-07
b1851,8.508612927939926e-10,2.8705965587255107e-08
b1852,1.824941546624198e-09,6.156903561110755e-08
b1854,0.0,0.0
b1855,-6.933265502625011e-44,-1.2390481511345557e-42
b1857,0.0,0.0
b1858,0.0,0.0
b1859,0.0,0.0
b1865,0.0,0.0
b1866,8.568983975600386e-10,2.890964264146884e-08
b1870,7.25107723467919e-14,2.4463349706005024e-12
b1871,7.25107723467919e-14,2.4463349706005024e-12
b1872,-3.8317896792577715e-31,-1.2927515166329762e-29
b1873,-3.8317896792577715e-31,-1.2927515166329762e-29
b1876,4.226189193068607e-10,1.4258122042793364e-08
b1896,0.0,0.0
b1897,0.0,0.0
b1900,0.0,0.0
b1901,0.0,0.0
b1907,0.0,0.0
b1909,4.1160383655787697e-07,
b1910,4.1160383655787697e-07,
b1911,4.1160383655787697e-07,
b1912,1.4517919043347592e-11,4.897988520413205e-10
b1919,0.0,0.0
b1922,7.429622532628597e-12,2.5065717591594435e-10
b1927,0.0,0.0
b1975,-1.4518538152506134e-40,
b1977,0.0,
b1981,0.0,0.0
b1982,0.0,0.0
b1984,1.439015087996265e-06,
b1986,0.0,
b1989,0.0,
b1991,0.0,0.0
b1992,0.0,0.0
b1993,0.0,0.0
b2010,0.0,0.0
b2019,4.647341236519395e-08,1.5678985369012105e-06
b2020,4.647341236519395e-08,1.3015936714296875e-06
b2021,4.647341236519395e-08,7.895057858956032e-07
b2022,4.647341236519395e-08,3.7663814031204497e-07
b2023,4.647341236519395e-08,8.322851813907346e-07
b2024,4.647341236519395e-08,7.050079744996634e-07
b2025,4.647341236519395e-08,8.322851813907346e-07
b2026,4.647341236519395e-08,9.415370634665313e-07
b2027,0.0,0.0
b2028,0.0,0.0
b2029,2.4891512715787266e-09,8.397783675030951e-08
b2032,0.0,0.0
b2033,0.0,0.0
b2034,0.0,0.0
b2035,0.0,0.0
b2036,0.0,0.0
b2037,0.0,0.0
b2038,0.0,0.0
b2039,0.0,-3.733251507149327e-29
b2040,0.0,0.0
b2041,0.0,0.0
b2045,0.0,0.0
b2048,0.0,0.0
b2049,0.0,0.0
b2051,0.0,0.0
b2052,0.0,0.0
b2053,0.0,0.0
b2065,0.0,0.0
b2066,0.0,0.0
b2091,0.0,0.0
b2092,0.0,0.0
b2093,0.0,0.0
b2094,0.0,0.0
b2095,0.0,0.0
b2096,0.0,0.0
b2097,0.0,0.0
b2103,6.72631493276568e-11,2.2692930871843153e-09
b2104,6.72631493276568e-11,0.0
b2114,5.070770358603445e-10,1.7107530998026783e-08
b2128,0.0,0.0
b2129,0.0,0.0
b2130,0.0,0.0
b2131,0.0,0.0
b2132,-5.0436577957708995e-31,-1.7016059884903558e-29
b2133,5.594247732603648e-32,1.887361480169968e-30
b2134,1.3063507187253415e-29,4.407305761139496e-28
b2140,8.698297028459589e-13,2.9345913050852466e-11
b2143,0.0,0.0
b2146,0.0,0.0
b2147,0.0,0.0
b2148,0.0,0.0
b2149,0.0,0.0
b2150,0.0,0.0
b2153,5.930120566574577e-08,2.0006767066977033e-06
b2154,0.0,0.0
b2155,3.9936015412176035e-31,1.3473428557897478e-29
b2156,0.0,0.0
b2162,0.0,0.0
b2167,0.0,-1.487630885318363e-29
b2168,0.0,-4.4497253619874684e-29
b2169,0.0,-7.438160635400472e-30
b2170,0.0,0.0
b2174,0.0,-2.3852903568104704e-29
b2183,5.485425858377217e-14,1.85064765850314e-12
b2185,1.28358965086027e-07,4.330515520897351e-06
b2189,1.037201740236529e-07,
b2197,0.0,0.0
b2198,0.0,0.0
b2199,0.0,0.0
b2200,0.0,0.0
b2201,0.0,0.0
b2202,0.0,0.0
b2203,0.0,0.0
b2204,0.0,2.7476999853422194e-35
b2205,0.0,0.0
b2206,0.0,0.0
b2207,0.0,0.0
b2210,0.0,0.0
b2215,0.0,0.0
b2221,0.0,0.0
b2222,0.0,0.0
b2223,0.0,0.0
b2224,0.0,0.0
b2232,4.846752042217846e-13,1.6351748341612447e-11
b2234,-1.6267025057545063e-30,-5.488093834607703e-29
b2235,-1.6267025057545063e-30,-5.488093834607703e-29
b2239,4.702265645130138e-29,-2.801300191559819e-27
b2240,4.702265645130138e-29,1.5864286803785688e-27
b2241,0.0,0.0
b2242,0.0,0.0
b2243,0.0,0.0
b2251,2.280312576994127e-10,7.693213326044084e-09
b2253,0.0,0.0
b2254,0.0,0.0
b2255,0.0,0.0
b2256,0.0,0.0
b2257,0.0,0.0
b2258,0.0,0.0
b2260,0.0,0.0
b2261,0.0,0.0
b2262,0.0,0.0
b2263,0.0,0.0
b2264,0.0,0.0
b2265,0.0,0.0
b2268,0.0,0.0
b2276,1.3455420235179768e-08,4.539527576401857e-07
b2277,1.3455420235179768e-08,4.539527576401857e-07
b2278,1.3455420235179768e-08,4.539527576401857e-07
b2279,1.3455420235179768e-08,4.539527576401857e-07
b2280,1.3455420235179768e-08,4.539527576401857e-07
b2281,1.3455420235179768e-08,4.539527576401857e-07
b2282,1.3455420235179768e-08,4.539527576401857e-07
b2283,1.3455420235179768e-08,4.539527576401857e-07
b2284,1.3455420235179768e-08,4.539527576401857e-07
b2285,1.3455420235179768e-08,4.539527576401857e-07
b2286,1.3455420235179768e-08,4.539527576401857e-07
b2287,1.3455420235179768e-08,4.539527576401857e-07
b2288,1.3455420235179768e-08,4.539527576401857e-07
b2290,1.8592567753230188e-09,6.272674695899659e-08
b2291,0.0,0.0
b2296,0.0,0.0
b2297,0.0,0.0
b2303,0.0,0.0
b2306,0.0,0.0
b2307,0.0,0.0
b2308,0.0,0.0
b2309,0.0,0.0
b2310,0.0,0.0
b2311,9.788978015379255e-10,1.6351748341612447e-11
b2312,9.788978015379255e-10,3.3025602224910335e-08
b2315,1.4978321420490851e-12,5.0533169494590985e-11
b2316,4.6493820464136113e-10,1.568587055924107e-08
b2318,6.921815643600905e-11,1.468353001420346e-11
b2320,6.921815643600905e-11,2.3352502146861615e-09
b2323,2.1725125501233547e-10,7.329522570821682e-09
b2324,4.830221908207823e-14,1.6295979738426106e-12
b2328,2.5620402513252447e-08,0.0
b2329,2.5620402513252447e-08,8.643693150760301e-07
b2341,7.213233015794297e-09,2.43356726270044e-07
b2342,7.213233015794297e-09,1.7768951419287113e-07
b2344,4.4291516581886215e-31,1.494286744002584e-29
b2348,5.500852049654257e-10,
b2366,0.0,0.0
b2373,0.0,0.0
b2374,0.0,0.0
b2378,-1.080655172947309e-43,-4.359858604708723e-43
b2379,0.0,0.0
b2388,5.927195364797587e-09,1.9996898156232452e-07
b2392,0.0,0.0
b2393,3.2638216899883225e-30,1.1011330978294454e-28
b2396,4.2298595642763686e-07,
b2397,4.2298595642763686e-07,
b2400,4.4812665586183045e-10,1.5118690285769033e-08
b2401,4.953763393490922e-41,
b2402,4.953763393490922e-41,
b2403,4.953763393490922e-41,
b2404,4.953763393490922e-41,
b2406,0.0,-1.0530616497545546e-28
b2407,0.0,0.0
b2411,0.0,0.0
b2414,8.487544659386792e-10,2.8634886435201615e-08
b2415,1.1918990242091603e-08,2.0105869583090206e-07
b2416,1.1918990242091603e-08,4.021173916618041e-07
b2417,1.1918990242091603e-08,2.0105869583090206e-07
b2418,-4.074346195414078e-31,-1.3745841145512976e-29
b2421,1.9654282626447537e-33,0.0
b2422,1.9654282626447537e-33,6.630871159555612e-32
b2423,1.9654282626447537e-33,3.315435579777806e-32
b2424,1.9654282626447537e-33,3.315435579777806e-32
b2425,1.9654282626447537e-33,-8.3873292994155e-30
b2428,0.0,0.0
b2429,0.0,0.0
b2435,0.0,0.0
b2436,8.858571324094392e-16,2.988663907211809e-14
b2440,0.0,0.0
b2441,0.0,0.0
b2458,0.0,0.0
b2463,0.0,0.0
b2464,-6.5671861713403416e-43,6.417053761475057e-41
b2465,7.703868742583993e-10,2.599095679710155e-08
b2467,0.0,0.0
b2470,-2.4240329724969223e-38,-8.178090563077927e-37
b2472,4.6860489553191225e-09,1.5809575684171162e-07
b2474,1.2728546135917958e-14,4.294298147629047e-13
b2476,4.4615713990361786e-11,1.5052243665387055e-09
b2477,2.036987830400293e-10,6.872295526467871e-09
b2478,1.3041758904728632e-10,4.399968425958948e-09
b2480,0.0,0.0
b2481,7.396638685164254e-38,0.0
b2482,7.396638685164254e-38,1.4886801666250535e-36
b2483,7.396638685164254e-38,-1.7554487780955552e-35
b2484,7.396638685164254e-38,6.248928499189647e-35
b2485,7.396638685164254e-38,0.0
b2486,7.396638685164254e-38,2.1324212628033696e-35
b2487,7.396638685164254e-38,0.0
b2488,7.396638685164254e-38,0.0
b2489,7.396638685164254e-38,0.0
b2490,7.396638685164254e-38,0.0
b2492,7.396638685164254e-38,2.0563751389612376e-35
b2497,0.0,0.0
b2498,0.0,0.0
b2499,1.0639921771249106e-08,3.589647699375515e-07
b2500,1.0639921771249106e-08,4.475755942406844e-09
b2501,1.0562799047462432e-13,3.5636283907788592e-12
b2502,1.0562799047462432e-13,0.0
b2507,5.14045697536955e-09,1.7342636489335623e-07
b2508,5.14045697536955e-09,0.0
b2512,2.036987830400293e-10,6.872295526467871e-09
b2514,3.386489568587745e-10,1.1425182205463766e-08
b2515,5.91705561232383e-12,1.9962689127329611e-10
b2517,5.485425858377217e-14,1.85064765850314e-12
b2518,0.0,0.0
b2519,1.3338496978596195e-11,4.500080547746735e-10
b2521,0.0,0.0
b2523,0.0,0.0
b2526,3.572502622497217e-14,1.2052744461442233e-12
b2527,3.572502622497217e-14,1.2052744461442233e-12
b2528,1.8329180958049704e-12,0.0
b2529,1.8329180958049704e-12,1.8955868393495738e-11
b2530,1.8329180958049704e-12,6.183814474584842e-11
b2532,2.974621858635443e-14,1.0035641935090354e-12
b2533,0.0,0.0
b2536,0.0,0.0
b2538,0.0,0.0
b2539,0.0,0.0
b2540,0.0,0.0
b2541,0.0,0.0
b2542,0.0,0.0
b2551,1.8232752698532184e-09,6.151281953446652e-08
b2552,0.0,0.0
b2557,9.163994988947775e-10,3.09170633359866e-08
b2558,0.0,0.0
b2559,4.56334519787823e-14,1.5395603410622462e-12
b2563,5.537452514880724e-10,0.0
b2564,5.537452514880724e-10,1.8682001717489292e-08
b2566,2.3017337966714635e-12,3.70129531700628e-12
b2567,2.3017337966714635e-12,7.765483248310196e-11
b2573,2.9733079336950528e-12,1.0031209075769745e-10
b2574,4.12943663468781e-12,1.3931702726874324e-10
b2575,2.2659332112717714e-14,7.644700885639485e-13
b2578,0.0,6.05967769514301e-29
b2579,0.0,0.0
b2582,1.6308751898030834e-37,5.848952331675086e-35
b2585,8.431341255094142e-11,2.8445269983827558e-09
b2587,0.0,0.0
b2588,5.607952665719891e-37,
b2589,5.607952665719891e-37,
b2590,5.607952665719891e-37,
b2591,5.607952665719891e-37,
b2594,1.645627757513164e-13,5.5519429755094156e-12
b2595,2.036987830400293e-10,6.872295526467871e-09
b2599,1.4634585676213401e-08,4.937348970542857e-07
b2600,2.3525746368464888e-09,7.937007728369577e-08
b2601,2.3525746368464888e-09,4.967944818044776e-08
b2606,1.28358965086027e-07,4.330515520897351e-06
b2607,1.28358965086027e-07,1.2108376173856734e-12
b2608,1.28358965086027e-07,1.85064765850314e-12
b2609,1.28358965086027e-07,4.330515520897351e-06
b2610,1.2784697501535966e-09,4.313242236198583e-08
b2614,1.8390786470479012e-13,6.204598658032345e-12
b2615,2.009756974460595e-12,6.780425321519469e-11
b2617,2.036987830400293e-10,6.872295526467871e-09
b2652,1.0109270297669413e-07,
b2661,0.0,0.0
b2662,0.0,0.0
b2663,0.0,2.908464831521335e-35
b2675,0.0,0.0
b2676,0.0,0.0
b2677,0.0,0.0
b2678,0.0,0.0
b2679,0.0,0.0
b2682,4.225300506235451e-31,1.4255123832172376e-29
b2683,4.225300506235451e-31,1.4255123832172376e-29
b2687,1.768248461193593e-08,5.965635046114352e-07
b2688,0.0,0.0
b2690,5.710407301693951e-10,1.9265508594633557e-08
b2691,7.867963143750404e-07,
b2692,7.867963143750404e-07,
b2693,7.867963143750404e-07,
b2694,7.867963143750404e-07,
b2695,7.867963143750404e-07,
b2697,3.1948148306285314e-09,1.0778518821149313e-07
b2701,1.2858296931154838e-37,4.3380728720704214e-36
b2702,0.0,0.0
b2703,0.0,0.0
b2704,0.0,0.0
b2705,0.0,0.0
b2708,0.0,0.0
b2710,0.0,0.0
b2711,0.0,0.0
b2715,1.6749739583842085e-30,5.650949833554942e-29
b2719,0.0,0.0
b2720,0.0,0.0
b2721,0.0,0.0
b2722,0.0,0.0
b2723,0.0,0.0
b2724,0.0,0.0
b2738,0.0,0.0
b2741,1.0357166205337799e-11,3.4942529315867303e-10
b2744,3.365963746063131e-08,1.1355933132785084e-06
b2745,2.5606764324080288e-14,8.639091961443499e-13
b2746,4.008245401471601e-08,4.303840132923532e-07
b2747,4.008245401471601e-08,1.3522833337745373e-06
b2750,1.3762263017841678e-08,4.6430487782051103e-07
b2751,1.3762263017841678e-08,3.939927914800728e-08
b2752,1.3762263017841678e-08,3.939927914800728e-08
b2762,1.2880610367190127e-08,3.350861446803256e-08
b2763,1.2880610367190127e-08,2.1728004380669583e-07
b2764,1.2880610367190127e-08,4.3456008761339166e-07
b2765,2.8089635991560743e-13,9.476751745098989e-12
b2779,1.4069375584483758e-08,4.746660998482424e-07
b2780,7.038491245948564e-09,2.3746136908982011e-07
b2781,0.0,0.0
b2784,0.0,0.0
b2785,5.485425858377217e-14,1.85064765850314e-12
b2787,0.0,1.4514078569760682e-29
b2788,0.0,-1.4578788855718577e-29
b2789,0.0,0.0
b2791,5.974820063723179e-14,2.015757216738322e-12
b2794,8.438278539234163e-10,2.8468674672873706e-08
b2796,0.0,0.0
b2797,0.0,0.0
b2799,0.0,0.0
b2800,0.0,0.0
b2801,0.0,0.0
b2802,0.0,0.0
b2803,0.0,0.0
b2806,5.485425858377217e-14,1.85064765850314e-12
b2810,0.0,0.0
b2811,0.0,0.0
b2813,2.358403878519673e-36,3.27927503089905e-35
b2814,4.6280553886576775e-08,
b2815,4.6280553886576775e-08,
b2816,4.6280553886576775e-08,
b2817,0.0,0.0
b2818,5.251385546102963e-09,1.7716882181446067e-07
b2827,9.02554618452428e-10,3.044997114962953e-08
b2828,9.02554618452428e-10,1.5373444112182713e-10
b2835,5.330449687378967e-10,2.897799926530495e-10
b2836,5.330449687378967e-10,1.7983625132133368e-08
b2838,1.2187946624022472e-08,4.111913179404667e-07
b2841,0.0,0.0
b2864,3.102906370273351e-07,
b2866,1.2609913491586168e-10,4.25427441362499e-09
b2867,1.2609913491586168e-10,4.25427441362499e-09
b2868,1.2609913491586168e-10,4.25427441362499e-09
b2871,0.0,0.0
b2874,1.72072946340845e-09,5.805317644592665e-08
b2877,0.0,0.0
b2882,0.0,-1.0850558226106175e-35
b2883,0.0,0.0
b2889,0.0,0.0
b2890,7.930912781655777e-10,2.6756947497064446e-08
b2891,7.930912781655777e-10,5.835742275408138e-13
b2893,8.160071779174963e-59,0.0
b2895,9.875874075975806e-10,3.3318768143524585e-08
b2901,0.0,0.0
b2903,-4.0527925706727547e-45,-6.962844725583941e-44
b2904,-2.0122489601410103e-45,-6.456613421575185e-44
b2905,-2.0122489601410103e-45,-2.288251110783214e-44
b2907,0.0,0.0
b2912,0.0,0.0
b2913,3.816676055802841e-10,1.2876525521076148e-08
b2914,-7.416922199671567e-43,-7.800882688200072e-41
b2917,0.0,0.0
b2919,0.0,0.0
b2920,0.0,0.0
b2923,0.0,0.0
b2925,8.60519464581672e-09,2.903180852936676e-07
b2926,3.7578284988669395e-08,1.2677988349553288e-06
b2927,0.0,0.0
b2930,0.0,0.0
b2935,-5.6810989640365656e-43,-1.3668568996690371e-41
b2937,0.0,0.0
b2938,0.0,0.0
b2942,2.5642931515019864e-13,8.651293881395573e-12
b2943,4.441994767184603e-09,1.4986196928391844e-07
b2946,1.0970851716754434e-13,3.70129531700628e-12
b2947,1.0970851716754434e-13,0.0
b2954,0.0,0.0
b2957,0.0,0.0
b2960,3.064438630081571e-13,1.0338661613165561e-11
b2963,-4.2964181425286534e-29,-1.4495056986186163e-27
b2964,0.0,0.0
b2965,7.563369198144647e-31,2.551694591872947e-29
b2967,1.2980784059742546e-06,
b2975,6.532100990902201e-13,6.866755078879457e-29
b2976,6.532100990902201e-13,0.0
b2979,6.532100990902201e-13,2.203770083859166e-11
b2987,-3.437686212839671e-39,-1.16058241893824e-37
b2988,0.0,0.0
b2994,0.0,0.0
b2995,0.0,0.0
b2996,0.0,0.0
b2997,0.0,0.0
b3001,0.0,0.0
b3005,1.6245449653462152e-32,5.480814824357967e-31
b3006,1.6245449653462152e-32,5.480814824357967e-31
b3008,0.0,0.0
b3012,-1.0892917756978401e-31,-3.675002317355736e-30
b3018,2.1983315090175523e-11,7.416629382683088e-10
b3028,0.0,0.0
b3029,0.0,0.0
b3034,0.0,0.0
b3035,0.0,0.0
b3040,4.1766507351729517e-13,1.4090991479957589e-11
b3041,7.865086332543167e-09,2.653486526122166e-07
b3052,0.0,0.0
b3057,0.0,0.0
b3058,6.220580368207471e-12,2.0986706939758806e-10
b3059,0.0,0.0
b3061,0.0,0.0
b3062,0.0,0.0
b3063,0.0,0.0
b3065,1.28358965086027e-07,4.330515520897351e-06
b3067,6.235338258149486e-09,2.1036496427705176e-07
b3069,0.0,
b3073,0.0,0.0
b3084,5.485425858377217e-14,1.85064765850314e-12
b3089,0.0,0.0
b3091,0.0,0.0
b3092,0.0,0.0
b3093,0.0,0.0
b3114,1.4217779954771609e-09,8.397972100838503e-09
b3115,1.4217779954771609e-09,0.0
b3116,1.4217779954771609e-09,0.0
b3117,1.4217779954771609e-09,4.7967289799802355e-08
b3123,4.418679277555723e-11,
b3124,0.0,0.0
b3125,0.0,0.0
b3126,0.0,0.0
b3127,0.0,0.0
b3128,0.0,0.0
b3132,0.0,0.0
b3137,0.0,0.0
b3146,5.485425858377217e-14,1.85064765850314e-12
b3161,0.0,0.0
b3164,6.6438284546567545e-12,2.2414641799104485e-10
b3165,1.28358965086027e-07,4.330515520897351e-06
b3166,4.44856079625799e-13,1.5008349094229196e-11
b3167,4.44856079625799e-13,1.85064765850314e-12
b3168,3.2082004152336297e-11,1.0823678488687778e-09
b3169,3.2082004152336297e-11,3.735102464330278e-11
b3171,3.2082004152336297e-11,
b3172,3.662697300659462e-11,1.2357039103754257e-09
b3174,6.320031367934167e-07,
b3175,1.7954381095512682e-09,6.057366226824434e-08
b3176,4.62112559730687e-09,1.5590540255401227e-07
b3177,4.62112559730687e-09,8.077682046991791e-11
b3179,5.485425858377217e-14,1.85064765850314e-12
b3181,1.1071058041430534e-12,3.735102464330278e-11
b3182,-9.504061743863852e-30,-3.206436485818123e-28
b3185,1.28358965086027e-07,4.330515520897351e-06
b3186,1.28358965086027e-07,4.330515520897351e-06
b3187,7.186448855496958e-13,2.4245309463197268e-11
b3189,2.2316828421031345e-09,7.52914857093997e-08
b3196,1.4909394139710547e-10,-2.267451411701996e-34
b3197,1.4909394139710547e-10,5.030062581598443e-09
b3198,1.993251537506098e-09,6.724740040119189e-08
b3199,1.993251537506098e-09,4.514877029353785e-08
b3200,2.676470919833771e-09,4.514877029353785e-08
b3201,2.676470919833771e-09,9.02975405870757e-08
b3202,3.2795168490586e-14,1.1064282581566757e-12
b3212,0.0,0.0
b3213,0.0,0.0
b3222,0.0,0.0
b3223,0.0,0.0
b3224,0.0,0.0
b3225,0.0,0.0
b3230,1.283592289217748e-07,4.330515520897351e-06
b3231,1.283592289217748e-07,4.330524422066038e-06
b3236,1.2433494337237257e-08,4.194754933580919e-07
b3247,2.3017337966714635e-12,7.765483248310196e-11
b3255,4.6493820464136113e-10,1.568587055924107e-08
b3256,4.6493820464136113e-10,1.568587055924107e-08
b3258,0.0,0.0
b3260,0.0,0.0
b3265,0.0,0.0
b3266,0.0,0.0
b3272,9.150483377163152e-07,
b3273,9.150483377163152e-07,
b3274,9.150483377163152e-07,
b3275,9.150483377163152e-07,
b3276,9.150483377163152e-07,
b3277,9.150483377163152e-07,
b3278,9.150483377163152e-07,
b3281,1.1260985406897677e-13,0.0
b3282,1.1260985406897677e-13,3.799179282295223e-12
b3287,1.9624438570281163e-12,6.620802509629338e-11
b3288,1.9624438570281163e-12,4.382231616871539e-11
b3289,5.485425858377217e-14,1.85064765850314e-12
b3290,0.0,0.0
b3294,1.283592289217748e-07,4.330515520897351e-06
b3295,1.283592289217748e-07,4.22423107785495e-07
b3296,1.283592289217748e-07,4.330524422066038e-06
b3297,1.283592289217748e-07,4.330515520897351e-06
b3298,1.283592289217748e-07,4.330515520897351e-06
b3299,1.28358965086027e-07,4.330515520897351e-06
b3300,1.28358965086027e-07,6.057366226824434e-08
b3301,1.28358965086027e-07,4.330515520897351e-06
b3302,1.28358965086027e-07,4.330515520897351e-06
b3303,1.28358965086027e-07,4.330515520897351e-06
b3304,1.28358965086027e-07,4.330515520897351e-06
b3305,1.28358965086027e-07,4.330515520897351e-06
b3306,1.28358965086027e-07,4.330515520897351e-06
b3307,1.28358965086027e-07,4.330515520897351e-06
b3308,1.28358965086027e-07,4.330515520897351e-06
b3309,1.28358965086027e-07,4.330515520897351e-06
b3310,1.28358965086027e-07,4.330515520897351e-06
b3311,1.283592289217748e-07,4.330515520897351e-06
b3312,1.283592289217748e-07,4.330515520897351e-06
b3313,1.283592289217748e-07,4.330515520897351e-06
b3314,1.283592289217748e-07,4.330515520897351e-06
b3315,1.283592289217748e-07,4.330515520897351e-06
b3316,1.283592289217748e-07,4.330515520897351e-06
b3317,1.283592289217748e-07,4.330515520897351e-06
b3318,1.283592289217748e-07,4.330515520897351e-06
b3319,1.283592289217748e-07,4.330524422066038e-06
b3320,1.283592289217748e-07,4.330524422066038e-06
b3321,1.283592289217748e-07,4.330524422066038e-06
b3339,1.28358965086027e-07,2.615969364561342e-07
b3340,1.28358965086027e-07,2.615969364561342e-07
b3341,1.28358965086027e-07,4.330515520897351e-06
b3342,1.28358965086027e-07,4.330515520897351e-06
b3343,9.6532192873596e-14,3.2567585694165966e-12
b3344,9.6532192873596e-14,3.2567585694165966e-12
b3345,9.6532192873596e-14,3.2567585694165966e-12
b3350,0.0,0.0
b3359,9.530985173267237e-10,3.215519788167048e-08
b3360,1.0629704337765797e-12,3.58620058882476e-11
b3365,0.0,0.0
b3366,0.0,0.0
b3367,0.0,0.0
b3368,1.7889736621097412e-11,6.035556772408222e-10
b3370,0.0,0.0
b3371,0.0,0.0
b3374,0.0,0.0
b3380,0.0,0.0
b3384,1.461217576845062e-08,7.731847240457732e-09
b3385,1.461217576845062e-08,0.0
b3386,1.461217576845062e-08,-3.5590112223031706e-42
b3389,1.461217576845062e-08,4.929788419293199e-07
b3390,1.461217576845062e-08,6.991407333451818e-08
b3396,0.0,0.0
b3397,0.0,0.0
b3403,0.0,0.0
b3406,1.1071058041430534e-12,3.735102464330278e-11
b3409,0.0,0.0
b3412,2.4898332395761857e-16,8.400084467185027e-15
b3415,-7.511323953067084e-38,7.80699568734981e-37
b3416,8.315833677307882e-31,2.8055575849063066e-29
b3417,8.88642602293383e-31,2.9980613969448606e-29
b3425,0.0,0.0
b3426,0.0,0.0
b3428,3.448424114114063e-10,0.0
b3429,3.448424114114063e-10,5.697153673998998e-10
b3430,3.448424114114063e-10,1.1634134116615191e-08
b3431,0.0,0.0
b3432,0.0,0.0
b3433,6.92408866730147e-11,2.3360170769312776e-09
b3437,0.0,0.0
b3447,0.0,0.0
b3449,6.371955026805127e-42,2.1497407776344974e-40
b3450,6.371955026805127e-42,5.80171379567579e-30
b3451,6.371955026805127e-42,2.900856897837895e-30
b3452,6.371955026805127e-42,2.900856897837895e-30
b3453,6.371955026805127e-42,2.900856897837895e-30
b3454,0.0,0.0
b3455,0.0,0.0
b3456,0.0,0.0
b3457,0.0,0.0
b3458,0.0,0.0
b3460,0.0,0.0
b3461,4.3005101806687175e-12,1.4508862760525855e-10
b3464,1.8014765841090273e-13,6.077738553585867e-12
b3465,5.485425858377217e-14,1.85064765850314e-12
b3469,0.0,0.0
b3470,4.8266096436798e-14,1.6283792847082983e-12
b3475,1.7232280373977088e-15,5.813747218197705e-14
b3476,0.0,0.0
b3477,0.0,0.0
b3478,0.0,0.0
b3479,0.0,0.0
b3480,0.0,0.0
b3493,1.3763426592298505e-09,4.6434413395849585e-08
b3496,0.0,-4.8451493835405106e-29
b3500,1.7043148545821872e-13,5.749938794939313e-12
b3502,0.0,0.0
b3503,0.0,0.0
b3517,1.3467879420546362e-30,4.543730998856347e-29
b3519,0.0,0.0
b3526,0.0,0.0
b3528,0.0,0.0
b3540,0.0,0.0
b3541,0.0,0.0
b3542,0.0,0.0
b3543,0.0,0.0
b3544,0.0,0.0
b3545,4.467768678147041e-07,
b3546,0.0,0.0
b3551,0.0,0.0
b3553,0.0,0.0
b3559,1.121731511613778e-09,3.784446001155796e-08
b3560,1.121731511613778e-09,3.784446001155796e-08
b3564,0.0,0.0
b3565,0.0,0.0
b3566,0.0,0.0
b3567,0.0,0.0
b3568,0.0,0.0
b3571,0.0,0.0
b3572,0.0,0.0
b3575,0.0,0.0
b3577,0.0,0.0
b3578,0.0,0.0
b3579,0.0,0.0
b3580,0.0,0.0
b3581,0.0,0.0
b3583,0.0,0.0
b3588,0.0,0.0
b3590,0.0,0.0
b3591,0.0,0.0
b3599,0.0,0.0
b3600,0.0,0.0
b3603,-2.0289680287924995e-30,-6.845238689951785e-29
b3605,-2.0289680287924995e-30,0.0
b3607,4.8033626965769396e-09,1.6205363369893802e-07
b3608,2.0873398089439767e-09,4.290551936060604e-08
b3609,2.0873398089439767e-09,7.042170707718494e-08
b3610,0.0,0.0
b3612,0.0,0.0
b3616,0.0,0.0
b3617,0.0,0.0
b3619,0.0,0.0
b3620,0.0,0.0
b3621,0.0,0.0
b3622,0.0,0.0
b3623,0.0,0.0
b3624,0.0,0.0
b3625,0.0,0.0
b3626,0.0,0.0
b3627,0.0,0.0
b3628,0.0,0.0
b3629,0.0,0.0
b3630,0.0,0.0
b3631,0.0,0.0
b3632,0.0,0.0
b3633,5.129613021044717e-12,1.7306051656729565e-10
b3634,4.072197262387583e-12,1.373859117445068e-10
b3636,1.28358965086027e-07,4.330515520897351e-06
b3637,1.28358965086027e-07,4.330515520897351e-06
b3639,4.9655447285952575e-12,1.6752525624119898e-10
b3640,0.0,0.0
b3642,6.742724011005109e-10,2.274829106265791e-08
b3643,6.742724011005109e-10,4.418679277555723e-11
b3648,9.82088160742581e-10,3.313323709126922e-08
b3649,1.1071058041430534e-12,3.735102464330278e-11
b3650,1.1071058041430534e-12,0.0
b3651,1.1071058041430534e-12,7.14652529601079e-12
b3653,0.0,0.0
b3654,-1.9821660086450715e-31,-6.687340194492622e-30
b3658,0.0,
b3665,0.0,0.0
b3666,0.0,0.0
b3670,2.775338400155496e-09,9.363308600658181e-08
b3671,2.775338400155496e-09,9.363308600658181e-08
b3679,0.0,0.0
b3691,0.0,0.0
b3693,0.0,0.0
b3703,1.28358965086027e-07,4.330515520897351e-06
b3704,1.28358965086027e-07,4.418679277555723e-11
b3705,1.180945625568215e-09,3.984219845829609e-08
b3706,9.660443816415646e-14,3.2591959476852213e-12
b3708,0.0,0.0
b3709,0.0,-1.1159375025435846e-29
b3714,2.045305313339845e-31,6.900356666521774e-30
b3722,0.0,-5.157022141171339e-29
b3725,0.0,0.0
b3726,0.0,0.0
b3727,0.0,0.0
b3728,0.0,0.0
b3729,2.306666644918648e-09,5.577182991828563e-08
b3730,2.306666644918648e-09,7.782125464054417e-08
b3731,2.520825067332572e-07,8.50464326526357e-07
b3732,2.520825067332572e-07,2.551392979579071e-06
b3733,2.520825067332572e-07,8.50464326526357e-07
b3734,2.520825067332572e-07,2.551392979579071e-06
b3735,2.520825067332572e-07,8.50464326526357e-07
b3736,2.520825067332572e-07,1.700928653052714e-06
b3737,2.520825067332572e-07,8.50464326526357e-06
b3738,2.520825067332572e-07,8.50464326526357e-07
b3739,0.0,0.0
b3740,9.660443816415646e-14,1.85064765850314e-12
b3741,9.660443816415646e-14,3.2591959476852213e-12
b3744,0.0,0.0
b3747,9.155446591857908e-15,3.0888223148430044e-13
b3748,0.0,0.0
b3749,0.0,0.0
b3750,0.0,0.0
b3751,0.0,0.0
b3752,0.0,0.0
b3756,0.0,
b3757,0.0,
b3758,0.0,
b3759,0.0,
b3760,1.932780394721302e-06,
b3761,5.169196640258931e-07,
b3770,2.3909774473876494e-08,8.066569358118709e-07
b3771,2.3909774473876494e-08,3.328219285593833e-07
b3772,2.3909774473876494e-08,0.0
b3774,1.609210108741218e-10,5.429078792913518e-09
b3779,0.0,0.0
b3780,4.429218969771169e-12,1.4943094532736323e-10
b3781,6.5733822971248e-10,2.217697380421589e-08
b3783,2.6441348724754427e-12,8.920660194577501e-11
b3784,0.0,-3.768060729653165e-36
b3785,0.0,0.0
b3786,0.0,0.0
b3787,0.0,0.0
b3788,0.0,0.0
b3789,0.0,3.7298430896375845e-29
b3790,0.0,0.0
b3791,0.0,0.0
b3792,0.0,-1.6405075389994672e-35
b3793,0.0,0.0
b3794,0.0,0.0
b3796,7.638409248671742e-07,
b3797,7.638409248671742e-07,
b3798,7.638409248671742e-07,
b3799,7.638409248671742e-07,
b3803,5.873076122682617e-15,4.2772543621568e-14
b3804,5.873076122682617e-15,3.4300205206561796e-15
b3805,5.873076122682617e-15,1.9814313155020415e-13
b3806,0.0,0.0
b3807,9.447007793015554e-14,3.1871878872094107e-12
b3809,5.6136961592632604e-09,1.8939229005935462e-07
b3816,2.2795753014273475e-45,7.709633618137309e-44
b3821,-2.720367510925932e-29,-9.177850351718101e-28
b3823,0.0,0.0
b3824,0.0,0.0
b3825,-8.89274408555304e-30,-3.000192955750758e-28
b3826,-8.89274408555304e-30,0.0
b3829,2.8137148078448073e-10,9.492781153684352e-09
b3831,4.3271889398934534e-16,1.4598870327058952e-14
b3833,3.8945990693790876e-13,0.0
b3835,3.8945990693790876e-13,1.3139418587797955e-11
b3836,-6.812070540902699e-33,0.0
b3838,-6.812070540902699e-33,-2.2982249184586217e-31
b3839,-6.812070540902699e-33,-2.2982249184586217e-31
b3843,0.0,0.0
b3844,7.588910198098168e-09,2.5603114965545816e-07
b3845,2.6283962458393087e-10,0.0
b3846,2.6283962458393087e-10,8.867561942437725e-09
b3849,4.68744403002391e-15,0.0
b3850,4.68744403002391e-15,1.5814282322821486e-13
b3851,4.480983724866511e-07,
b3852,4.480983724866511e-07,
b3853,4.480983724866511e-07,
b3854,4.480983724866511e-07,
b3855,4.480983724866511e-07,
b3856,0.0,0.0
b3857,0.0,0.0
b3860,-4.067303217151425e-37,-2.705243000695437e-35
b3867,0.0,0.0
b3870,0.0,0.0
b3875,0.0,0.0
b3882,0.0,0.0
b3892,0.0,0.0
b3893,0.0,0.0
b3894,0.0,0.0
b3902,1.4018985411589382e-31,4.729660594523609e-30
b3903,1.0014463979992939e-31,3.378633636517832e-30
b3904,1.0014463979992939e-31,2.157527121022204e-30
b3907,0.0,2.8480424072008307e-30
b3908,0.0,0.0
b3909,0.0,0.0
b3915,0.0,0.0
b3916,9.492607009807282e-10,3.202571940510635e-08
b3917,2.4958796759675722e-31,8.420483655213279e-30
b3918,-4.7712585535874636e-32,-1.609705189401998e-30
b3919,2.0067612400021537e-08,6.77031845086959e-07
b3924,0.0,0.0
b3925,-1.6622305782881145e-29,0.0
b3926,-1.6622305782881145e-29,-5.6079568059484605e-28
b3927,-1.6622305782881145e-29,5.498645828612215e-29
b3930,0.0,0.0
b3936,1.28358965086027e-07,4.330515520897351e-06
b3939,1.1289646801461668e-08,3.808848931308577e-07
b3940,1.1289646801461668e-08,4.7505828209143076e-08
b3941,7.629727474325655e-08,2.5740822408189517e-06
b3942,0.0,0.0
b3945,0.0,0.0
b3946,0.0,0.0
b3951,0.0,0.0
b3952,0.0,0.0
b3956,5.834814754266224e-09,1.968522871618366e-07
b3957,3.102062130434062e-08,1.046559404216867e-06
b3958,9.005658705092683e-08,2.550923622650232e-06
b3959,9.005658705092683e-08,3.038287568941579e-06
b3960,9.005658705092683e-08,6.628851911017382e-07
b3962,0.0,0.0
b3965,4.3275194595267626e-13,1.459998541894291e-11
b3966,6.780637529412714e-10,0.0
b3967,6.780637529412714e-10,2.2876201941189785e-08
b3968,0.0,
b3969,0.0,
b3970,0.0,
b3971,0.0,
b3972,4.093606061064426e-10,1.3810819191318606e-08
b3974,1.8129692456688834e-12,6.116511964720821e-11
b3976,2.0750734875660236e-07,
b3977,2.0750734875660236e-07,
b3978,2.0750734875660236e-07,
b3979,2.0750734875660236e-07,
b3980,2.0750734875660236e-07,0.0
b3981,1.7954381095512682e-09,6.057366226824434e-08
b3982,1.7954381095512682e-09,3.735102464330278e-11
b3983,1.28358965086027e-07,4.330515520897351e-06
b3984,1.28358965086027e-07,4.330515520897351e-06
b3985,1.28358965086027e-07,4.330515520897351e-06
b3986,5.13435860344108e-07,1.7322062083589403e-05
b3987,1.28358965086027e-07,2.112115538927475e-07
b3988,1.28358965086027e-07,2.112115538927475e-07
b3990,1.5718503949815934e-14,1.425918387350868e-13
b3991,1.5718503949815934e-14,4.717879011622646e-13
b3992,1.5718503949815934e-14,1.425918387350868e-13
b3993,1.5718503949815934e-14,5.303036314942536e-13
b3994,1.5718503949815934e-14,2.280970571801033e-13
b3996,6.645977468821491e-16,0.0
b3997,6.645977468821491e-16,2.2421892043907238e-14
b4005,6.809975502879763e-09,2.2975181041999444e-07
b4006,6.809975502879763e-09,2.0644562912490005e-09
b4007,2.0215475189777804e-06,
b4008,2.0215475189777804e-06,
b4009,2.0215475189777804e-06,
b4010,2.0215475189777804e-06,
b4013,1.9095410270028235e-08,6.442321383382813e-07
b4014,1.2800834817170221e-12,4.3186865692666254e-11
b4015,1.2800834817170221e-12,0.0
b4019,0.0,0.0
b4022,5.485425858377217e-14,1.85064765850314e-12
b4024,3.08065742650147e-09,1.0393379839959907e-07
b4025,2.9320787692604297e-10,9.892112023703219e-09
b4031,0.0,0.0
b4032,3.911816277803823e-31,1.3197505210933214e-29
b4033,3.911816277803823e-31,1.3197505210933214e-29
b4034,3.911816277803823e-31,1.3197505210933214e-29
b4035,1.5375142491217042e-30,2.639501042186643e-29
b4036,1.5375142491217042e-30,5.187194610801037e-29
b4039,9.683565028845453e-13,3.2669964756204646e-11
b4040,9.683565028845453e-13,2.163570901666005e-11
b4041,1.8891068056898226e-10,6.373381350644082e-09
b4042,-7.273897801899333e-30,-2.454034068242516e-28
b4049,0.0,0.0
b4053,1.042786084223845e-10,3.5181035618981614e-09
b4054,1.7520136570813612e-09,5.910862813306438e-08
b4055,0.0,0.0
b4067,0.0,0.0
b4069,0.0,0.0
b4070,0.0,0.0
b4071,0.0,0.0
b4072,0.0,0.0
b4073,0.0,0.0
b4077,0.0,0.0
b4079,0.0,0.0
b4084,0.0,0.0
b4085,1.7107905627644068e-39,1.623634359777425e-38
b4086,1.7107905627644068e-39,0.0
b4087,1.7107905627644068e-39,-1.7718571046284136e-63
b4088,1.7107905627644068e-39,0.0
b4090,5.7335134426064635e-09,1.9343463026396553e-07
b4094,4.898088203268044e-10,1.6524943912379295e-08
b4111,0.0,0.0
b4115,0.0,0.0
b4117,0.0,0.0
b4119,0.0,3.1042869960839203e-29
b4120,0.0,2.550866006723708e-29
b4122,0.0,0.0
b4123,0.0,0.0
b4129,3.648926897852668e-43,4.2195952721234154e-42
b4130,0.0,4.880911496731469e-29
b4131,0.0,0.0
b4132,0.0,0.0
b4134,0.0,
b4136,-2.302729252444681e-38,-1.6119537942980204e-36
b4138,0.0,0.0
b4139,0.0,0.0
b4142,1.7602870440068681e-12,5.938775184263374e-11
b4143,1.7602870440068681e-12,5.938775184263374e-11
b4151,4.021590651634408e-31,1.3567856926804042e-29
b4152,4.021590651634408e-31,1.3567856926804042e-29
b4153,4.021590651634408e-31,1.3567856926804042e-29
b4154,4.021590651634408e-31,1.3567856926804042e-29
b4160,2.9907551326174118e-09,1.0090071630230839e-07
b4161,0.0,0.0
b4162,4.429218969771169e-12,1.4943094532736323e-10
b4163,8.005208355485045e-07,
b4164,8.005208355485045e-07,
b4165,8.005208355485045e-07,
b4166,6.490983491718576e-14,2.189898051759512e-12
b4169,0.0,0.0
b4171,1.1109977490162505e-13,3.7482329283135e-12
b4177,1.3769577228086496e-11,4.645516412699285e-10
b4180,1.0970851716754434e-13,3.70129531700628e-12
b4192,0.0,0.0
b4193,0.0,0.0
b4194,0.0,0.0
b4195,0.0,0.0
b4196,0.0,0.0
b4197,0.0,0.0
b4198,0.0,0.0
b4200,1.28358965086027e-07,4.330515520897351e-06
b4202,1.28358965086027e-07,4.330515520897351e-06
b4203,1.28358965086027e-07,4.330515520897351e-06
b4208,2.8228781219264652e-11,9.523695919806748e-10
b4213,0.0,0.0
b4214,3.1159359573221566e-08,1.051240091898703e-06
b4219,0.0,0.0
b4226,0.0,0.0
b4227,0.0,0.0
b4230,0.0,0.0
b4231,0.0,0.0
b4232,0.0,0.0
b4233,0.0,0.0
b4237,3.349552796168779e-10,0.0
b4238,3.349552796168779e-10,1.1300566627467338e-08
b4239,0.0,0.0
b4240,0.0,0.0
b4242,0.0,0.0
b4244,9.87351686598252e-10,0.0
b4245,9.87351686598252e-10,3.331081549724461e-08
b4254,1.1484903388531551e-09,3.8747236974612076e-08
b4258,5.781121914395414e-10,1.950408229118268e-08
b4260,0.0,0.0
b4261,1.3382354599168855e-09,4.514877029353785e-08
b4262,1.3382354599168855e-09,4.514877029353785e-08
b4265,-1.2214577649650883e-31,0.0
b4266,-1.2214577649650883e-31,4.0245572674398005e-30
b4267,-1.2214577649650883e-31,-4.120897831917559e-30
b4268,0.0,0.0
b4270,4.1256434121909646e-07,
b4287,0.0,0.0
b4288,0.0,0.0
b4289,0.0,0.0
b4290,0.0,0.0
b4291,0.0,0.0
b4293,0.0,0.0
b4301,-2.891172332481893e-43,3.050897286438612e-41
b4311,0.0,0.0
b4321,0.0,0.0
b4322,0.0,0.0
b4323,0.0,0.0
b4356,0.0,0.0
b4358,0.0,0.0
b4367,0.0,0.0
b4368,2.935186365820865e-07,
b4369,2.935186365820865e-07,
b4370,2.935186365820865e-07,
b4371,5.485425858377217e-14,1.85064765850314e-12
b4374,2.916538025142659e-16,9.839681378470767e-15
b4375,3.078308555385879e-11,1.0385455327000617e-09
b4381,0.0,0.0
b4382,2.1716030156271263e-16,7.32645402531723e-15
b4383,6.929691975505838e-10,0.0
b4384,6.929691975505838e-10,2.3379074951915936e-08
b4386,0.0,0.0
b4388,1.8407465152436946e-10,6.210225634772032e-09
b4390,0.0,0.0
b4392,0.0,0.0
b4394,0.0,0.0
b4395,5.080947284398806e-08,1.7141865440566342e-06
b4407,1.5718503949815934e-14,1.425918387350868e-13
b4460,0.0,0.0
b4467,6.532100990902201e-13,2.203770083859166e-11
b4468,6.532100990902201e-13,2.203770083859166e-11
b4471,1.4217779954771609e-09,0.0
b4474,0.0,0.0
b4476,0.0,0.0
b4477,0.0,0.0
b4478,0.0,0.0
b4481,0.0,0.0
b4485,0.0,0.0
b4513,0.0,3.91442125266833e-27
b4544,0.0,0.0
dummy,5.080377411433497e-05,0.0017139942829458067
